date,picks,total_pnl,pct,peak_pct,win_rate_pct,best_sym,best_pnl,worst_sym,worst_pnl,notes
2026-06-29,4,81.29,0.2,0.2,75.0,SOUTHBANK,94.69,OFSS,-91.12,"Reviewed 4 picks: 3 up, 1 down (+0.20% on the day). Losses look like normal market noise, not a systematic mistake. Auto-tuned for tomorrow: min_score 49->48 (strong day (win 75%))."
2026-06-30,12,1547.88,1.29,0.2,75.0,KPITTECH,472.44,MAXHEALTH,-119.43,"Reviewed 12 picks: 9 up, 3 down (+1.29% on the day). Winners avg score 58.3 vs losers 76.0; winners 11% trend-aligned vs losers 100%. Losses look like normal market noise, not a systematic mistake. Auto-tuned for tomorrow: min_score 48->47 (strong day (win 75%))."
2026-07-02,6,-233.7,-0.39,0.0,33.3,NYKAA,89.97,FINCABLES,-140.5,"Reviewed 6 picks: 2 up, 4 down (-0.39% on the day). Winners avg score 73.8 vs losers 63.7; winners 100% trend-aligned vs losers 100%. Losses look like normal market noise, not a systematic mistake. Winners scored higher on average (73.8) than losers (63.7) - demanding a higher score should help. Auto-tuned for tomorrow: min_score 50->51 (winners scored 73.8 vs losers 63.7)."
2026-07-03,8,-410.98,-0.51,0.0,0.0,ICICIBANK,-13.44,SHRIRAMFIN,-101.44,"Reviewed 8 picks: 0 up, 8 down (-0.51% on the day). Losses look like normal market noise, not a systematic mistake. Auto-tuned for tomorrow: min_score 51->52 (win rate 0% / stop-heavy)."
2026-07-06,8,258.54,0.32,0.0,87.5,CHOLAFIN,96.02,AUBANK,-56.21,"Reviewed 8 picks: 7 up, 1 down (+0.32% on the day). Winners avg score 85.7 vs losers 74.4; winners 100% trend-aligned vs losers 100%. Losses look like normal market noise, not a systematic mistake. Winners scored higher on average (85.7) than losers (74.4) - demanding a higher score should help. Auto-tuned for tomorrow: min_score 52->53 (winners scored 85.7 vs losers 74.4)."
2026-07-07,8,409.3,0.51,0.0,75.0,HFCL,307.81,SHRIRAMFIN,-51.29,"Reviewed 8 picks: 6 up, 2 down (+0.51% on the day). Winners avg score 74.8 vs losers 85.0; winners 100% trend-aligned vs losers 100%. Losses look like normal market noise, not a systematic mistake. Auto-tuned for tomorrow: min_score 53->52 (strong day (win 75%))."
2026-07-08,8,-1764.61,-2.21,0.0,0.0,OFSS,-55.14,CHOLAFIN,-420.66,"Reviewed 8 picks: 0 up, 8 down (-2.21% on the day). 8 of 8 losers FOUGHT the market regime (down market) - trust the regime more. Auto-tuned for tomorrow: counter_trend_penalty 10->12 (counter-trend picks kept losing); min_score 52->53 (win rate 0% / stop-heavy)."
2026-07-09,8,-93.92,-0.12,0.0,50.0,DELHIVERY,18.46,OFSS,-58.93,"Reviewed 8 picks: 4 up, 4 down (-0.12% on the day). Winners avg score 74.0 vs losers 72.8; winners 100% trend-aligned vs losers 100%. Losses look like normal market noise, not a systematic mistake. No threshold change needed - today was within normal range."
2026-07-10,8,270.17,0.34,0.0,62.5,OFSS,121.62,DIXON,-79.1,"Reviewed 8 picks: 5 up, 3 down (+0.34% on the day). Winners avg score 72.0 vs losers 70.3; winners 100% trend-aligned vs losers 67%. 1 of 3 losers FOUGHT the market regime (up market) - trust the regime more. Auto-tuned for tomorrow: counter_trend_penalty 12->14 (counter-trend picks kept losing)."
2026-07-13,8,-29.36,-0.04,0.0,62.5,PAYTM,98.32,OFSS,-121.11,"Reviewed 8 picks: 5 up, 3 down (-0.04% on the day). Winners avg score 64.6 vs losers 76.2; winners 100% trend-aligned vs losers 67%. 1 of 3 losers FOUGHT the market regime (up market) - trust the regime more. Auto-tuned for tomorrow: counter_trend_penalty 14->16 (counter-trend picks kept losing)."
2026-07-14,7,-163.46,-0.23,0.0,28.6,KPITTECH,86.54,OFSS,-162.19,"Reviewed 7 picks: 2 up, 5 down (-0.23% on the day). Winners avg score 65.1 vs losers 66.9; winners 50% trend-aligned vs losers 100%. Losses look like normal market noise, not a systematic mistake. Auto-tuned for tomorrow: min_score 53->54 (win rate 29% / stop-heavy)."
2026-07-15,8,-78.83,-0.1,0.0,25.0,VEDL,100.68,OFSS,-64.95,"Reviewed 8 picks: 2 up, 6 down (-0.10% on the day). Winners avg score 63.4 vs losers 65.7; winners 50% trend-aligned vs losers 83%. Losses look like normal market noise, not a systematic mistake. Auto-tuned for tomorrow: min_score 54->55 (win rate 25% / stop-heavy)."
2026-07-16,8,-241.59,-0.3,0.0,37.5,DIXON,131.29,JBCHEPHARM,-229.96,"Reviewed 8 picks: 3 up, 5 down (-0.30% on the day). Winners avg score 71.3 vs losers 61.7; winners 100% trend-aligned vs losers 100%. Losses look like normal market noise, not a systematic mistake. Winners scored higher on average (71.3) than losers (61.7) - demanding a higher score should help. Auto-tuned for tomorrow: min_score 55->56 (winners scored 71.3 vs losers 61.7)."
2026-07-17,8,787.53,0.98,0.0,75.0,RELAXO,561.76,KPITTECH,-82.8,"Reviewed 8 picks: 6 up, 2 down (+0.98% on the day). Winners avg score 70.7 vs losers 63.2; winners 80% trend-aligned vs losers 67%. 1 of 2 losers FOUGHT the market regime (up market) - trust the regime more. Winners scored higher on average (70.7) than losers (63.2) - demanding a higher score should help. Auto-tuned for tomorrow: counter_trend_penalty 16->18 (counter-trend picks kept losing); min_score 56->57 (winners scored 70.7 vs losers 63.2)."
2026-07-20,8,155.18,0.19,0.0,62.5,RELAXO,167.5,DIVISLAB,-113.48,"Reviewed 8 picks: 5 up, 3 down (+0.19% on the day). Winners avg score 63.1 vs losers 59.5; winners 100% trend-aligned vs losers 33%. 2 of 3 losers FOUGHT the market regime (up market) - trust the regime more. Auto-tuned for tomorrow: counter_trend_penalty 18->20 (counter-trend picks kept losing)."
2026-07-21,7,190.23,0.27,0.0,71.4,SONACOMS,109.69,DIXON,-52.14,"Reviewed 7 picks: 5 up, 2 down (+0.27% on the day). Winners avg score 67.7 vs losers 62.7; winners 100% trend-aligned vs losers 100%. Losses look like normal market noise, not a systematic mistake. Winners scored higher on average (67.7) than losers (62.7) - demanding a higher score should help. Auto-tuned for tomorrow: min_score 57->58 (winners scored 67.7 vs losers 62.7)."
2026-07-22,7,56.17,0.08,0.0,42.9,TORNTPHARM,105.4,DIXON,-83.58,"Reviewed 7 picks: 3 up, 4 down (+0.08% on the day). Winners avg score 68.0 vs losers 63.9; winners 67% trend-aligned vs losers 100%. Losses look like normal market noise, not a systematic mistake. Winners scored higher on average (68.0) than losers (63.9) - demanding a higher score should help. Auto-tuned for tomorrow: min_score 58->59 (winners scored 68.0 vs losers 63.9)."
2026-07-23,8,-189.4,-0.24,0.0,50.0,TATAELXSI,122.46,TANLA,-351.01,"Reviewed 8 picks: 4 up, 4 down (-0.24% on the day). Winners avg score 62.0 vs losers 65.3; winners 100% trend-aligned vs losers 50%. 2 of 4 losers FOUGHT the market regime (down market) - trust the regime more. Auto-tuned for tomorrow: counter_trend_penalty 20->22 (counter-trend picks kept losing)."
2026-07-24,5,-511.84,-1.02,0.0,20.0,LT,7.92,KPITTECH,-451.61,"Reviewed 5 picks: 1 up, 4 down (-1.02% on the day). Winners avg score 54.1 vs losers 61.1; winners 100% trend-aligned vs losers 100%. Losses look like normal market noise, not a systematic mistake. Auto-tuned for tomorrow: min_score 59->60 (win rate 20% / stop-heavy)."
2026-07-27,5,-16.27,-0.03,0.0,40.0,DRREDDY,23.41,DIVISLAB,-36.95,"Reviewed 5 picks: 2 up, 3 down (-0.03% on the day). Winners avg score 67.3 vs losers 56.8; winners 0% trend-aligned vs losers 67%. 1 of 3 losers FOUGHT the market regime (up market) - trust the regime more. Winners scored higher on average (67.3) than losers (56.8) - demanding a higher score should help. Auto-tuned for tomorrow: counter_trend_penalty 22->24 (counter-trend picks kept losing); min_score 60->61 (winners scored 67.3 vs losers 56.8)."
2026-07-28,8,416.6,0.52,0.0,75.0,BAJAJ-AUTO,130.03,IIFL,-108.71,"Reviewed 8 picks: 6 up, 2 down (+0.52% on the day). Winners avg score 68.4 vs losers 73.2; winners 100% trend-aligned vs losers 100%. Losses look like normal market noise, not a systematic mistake. Auto-tuned for tomorrow: min_score 61->60 (strong day (win 75%))."
2026-07-29,8,-89.07,-0.11,0.0,25.0,DIVISLAB,124.86,BAJAJ-AUTO,-94.36,"Reviewed 8 picks: 2 up, 6 down (-0.11% on the day). Winners avg score 71.8 vs losers 72.4; winners 100% trend-aligned vs losers 100%. Losses look like normal market noise, not a systematic mistake. Auto-tuned for tomorrow: min_score 60->61 (win rate 25% / stop-heavy)."
2026-07-30,8,380.87,0.48,0.0,62.5,SONACOMS,232.45,MANAPPURAM,-104.77,"Reviewed 8 picks: 5 up, 3 down (+0.48% on the day). Winners avg score 67.5 vs losers 77.0; winners 100% trend-aligned vs losers 100%. Losses look like normal market noise, not a systematic mistake. No threshold change needed - today was within normal range."
2026-07-31,8,-450.78,-0.56,0.0,50.0,DIVISLAB,38.63,DIXON,-329.71,"Reviewed 8 picks: 4 up, 4 down (-0.56% on the day). Winners avg score 67.2 vs losers 68.4; winners 100% trend-aligned vs losers 100%. Losses look like normal market noise, not a systematic mistake. No threshold change needed - today was within normal range."
2026-08-03,8,861.94,1.08,0.0,75.0,BAJAJ-AUTO,309.57,PAYTM,-59.92,"Reviewed 8 picks: 6 up, 2 down (+1.08% on the day). Winners avg score 70.2 vs losers 68.5; winners 100% trend-aligned vs losers 100%. Losses look like normal market noise, not a systematic mistake. Auto-tuned for tomorrow: min_score 61->60 (strong day (win 75%))."
2026-08-04,8,-186.82,-0.23,0.0,37.5,LAURUSLABS,116.48,PIDILITIND,-135.18,"Reviewed 8 picks: 3 up, 5 down (-0.23% on the day). Winners avg score 69.3 vs losers 64.1; winners 100% trend-aligned vs losers 100%. Losses look like normal market noise, not a systematic mistake. Winners scored higher on average (69.3) than losers (64.1) - demanding a higher score should help. Auto-tuned for tomorrow: min_score 60->61 (winners scored 69.3 vs losers 64.1)."
2026-08-05,8,72.61,0.09,0.0,62.5,BAJAJ-AUTO,74.28,EXIDEIND,-84.93,"Reviewed 8 picks: 5 up, 3 down (+0.09% on the day). Winners avg score 65.5 vs losers 70.6; winners 100% trend-aligned vs losers 100%. Losses look like normal market noise, not a systematic mistake. No threshold change needed - today was within normal range."
2026-08-06,8,-73.42,-0.09,0.0,25.0,HAL,82.96,TECHM,-43.53,"Reviewed 8 picks: 2 up, 6 down (-0.09% on the day). Winners avg score 64.7 vs losers 68.0; winners 100% trend-aligned vs losers 100%. Losses look like normal market noise, not a systematic mistake. Auto-tuned for tomorrow: min_score 61->62 (win rate 25% / stop-heavy)."
2026-08-07,8,366.98,0.46,0.0,62.5,SONACOMS,326.31,ABB,-59.51,"Reviewed 8 picks: 5 up, 3 down (+0.46% on the day). Winners avg score 67.7 vs losers 62.2; winners 100% trend-aligned vs losers 100%. Losses look like normal market noise, not a systematic mistake. Winners scored higher on average (67.7) than losers (62.2) - demanding a higher score should help. Auto-tuned for tomorrow: min_score 62->63 (winners scored 67.7 vs losers 62.2)."
2026-08-10,8,-352.28,-0.44,0.0,37.5,TVSMOTOR,51.31,SIEMENS,-158.15,"Reviewed 8 picks: 3 up, 5 down (-0.44% on the day). Winners avg score 75.8 vs losers 74.1; winners 100% trend-aligned vs losers 100%. Losses look like normal market noise, not a systematic mistake. Auto-tuned for tomorrow: min_score 63->64 (win rate 38% / stop-heavy)."
2026-08-11,8,-300.63,-0.38,0.0,12.5,DIVISLAB,164.1,IIFL,-142.47,"Reviewed 8 picks: 1 up, 7 down (-0.38% on the day). Winners avg score 65.1 vs losers 70.6; winners 100% trend-aligned vs losers 100%. Losses look like normal market noise, not a systematic mistake. No threshold change needed - today was within normal range."
2026-08-12,8,-29.0,-0.04,0.0,62.5,PIDILITIND,72.82,FINCABLES,-192.31,"Reviewed 8 picks: 5 up, 3 down (-0.04% on the day). Winners avg score 69.4 vs losers 69.8; winners 100% trend-aligned vs losers 100%. Losses look like normal market noise, not a systematic mistake. No threshold change needed - today was within normal range."
2026-08-13,8,-91.28,-0.11,0.0,50.0,LAURUSLABS,105.33,ASHOKLEY,-248.99,"Reviewed 8 picks: 4 up, 4 down (-0.11% on the day). Winners avg score 69.3 vs losers 67.3; winners 100% trend-aligned vs losers 100%. Losses look like normal market noise, not a systematic mistake. No threshold change needed - today was within normal range."
