id,logged_at,symbol,direction,entry,stop,target1,target2,qty,rupees_at_risk,status,exit_time,exit_price,pnl,r_multiple,outcome,tag,score
HINDALCO_20260628_150126,2026-06-28T15:01:26.858504+05:30,HINDALCO,SHORT,952.1,954.55,948.42,944.74,105.0,257.6,CLOSED,2026-06-30T00:00:00+05:30,954.55,-257.25,-1.0,stop,core,
HCLTECH_20260628_150126,2026-06-28T15:01:26.858504+05:30,HCLTECH,SHORT,1101.0,1104.97,1095.05,1089.1,90.0,356.98,CLOSED,2026-06-30T00:00:00+05:30,1104.97,-357.3,-1.0,stop,core,
KOTAKBANK_20260628_150126,2026-06-28T15:01:26.858504+05:30,KOTAKBANK,SHORT,409.0,410.38,406.93,404.86,244.0,336.9,CLOSED,2026-06-30T00:00:00+05:30,406.93,505.08,1.5,target,core,
BAJFINANCE_20260628_150126,2026-06-28T15:01:26.858504+05:30,BAJFINANCE,SHORT,980.4,983.84,975.24,970.09,101.0,347.25,CLOSED,2026-06-30T00:00:00+05:30,983.84,-347.44,-1.0,stop,core,
KAJARIACER_20260629_084528,2026-06-29T08:45:28.198644+05:30,KAJARIACER,LONG,1196.6,1136.77,1292.33,1388.06,16.0,957.28,CLOSED,2026-07-20T00:00:00+05:30,1238.9,676.8,0.71,timeout,core,
OFSS_20260629_084528,2026-06-29T08:45:28.198644+05:30,OFSS,LONG,10974.5,10425.77,11852.46,12730.42,1.0,548.73,CLOSED,2026-07-20T00:00:00+05:30,11729.73,755.23,1.38,target,core,
FEDERALBNK_20260629_084528,2026-06-29T08:45:28.198644+05:30,FEDERALBNK,LONG,324.05,307.85,349.97,375.9,61.0,988.35,CLOSED,2026-07-20T00:00:00+05:30,350.16,1592.71,1.61,target,core,
SOUTHBANK_20260629_084528,2026-06-29T08:45:28.198644+05:30,SOUTHBANK,LONG,45.41,43.14,49.04,52.68,440.0,999.02,CLOSED,2026-07-08T00:00:00+05:30,43.14,-998.8,-1.0,stop,core,
DRREDDY_20260629_091956,2026-06-29T09:19:56.104831+05:30,DRREDDY,LONG,1404.1,1333.89,1516.43,1628.76,14.0,982.87,CLOSED,2026-07-01T00:00:00+05:30,1333.89,-982.94,-1.0,stop,intraday,
BHARATFORG_20260629_172050,2026-06-29T17:20:50.326747+05:30,BHARATFORG,LONG,2170.9,2062.35,2344.57,2518.24,9.0,976.9,CLOSED,2026-06-30T00:00:00+05:30,2062.35,-976.95,-1.0,stop,intraday,80.2
ONGC_20260630_011331,2026-06-30T01:13:31.701362+05:30,ONGC,SHORT,233.1,244.76,214.45,195.8,85.0,990.68,CLOSED,2026-07-07T00:00:00+05:30,244.76,-991.1,-1.0,stop,core,89.9
VEDL_20260630_011331,2026-06-30T01:13:31.701362+05:30,VEDL,SHORT,273.45,287.12,251.57,229.7,73.0,998.09,CLOSED,2026-07-21T00:00:00+05:30,257.01,1200.12,1.2,target,core,82.3
CHOLAFIN_20260630_011331,2026-06-30T01:13:31.701362+05:30,CHOLAFIN,LONG,1799.2,1709.24,1943.14,2087.07,11.0,989.56,CLOSED,2026-07-21T00:00:00+05:30,1758.8,-444.4,-0.45,timeout,core,79.0
NATIONALUM_20260630_011331,2026-06-30T01:13:31.701362+05:30,NATIONALUM,SHORT,332.15,348.76,305.58,279.01,60.0,996.45,CLOSED,2026-07-03T00:00:00+05:30,348.76,-996.6,-1.0,stop,core,71.5
KAJARIACER_20260630_011331,2026-06-30T01:13:31.701362,,,,,,,,,,,,,,,,
SHRIRAMFIN_20260702_112432,2026-07-02T11:24:32.565523+05:30,SHRIRAMFIN,LONG,1066.5,1013.53,1161.85,1251.91,18.0,953.54,CLOSED,2026-07-08T00:00:00+05:30,1013.53,-953.46,-1.0,stop,core,79.05555555555556
CHOLAFIN_20260702_112432,2026-07-02T11:24:32.565523+05:30,CHOLAFIN,LONG,1802.3,1718.0,1954.03,2097.34,11.0,927.26,CLOSED,2026-07-23T00:00:00+05:30,1718.0,-927.3,-1.0,stop,core,74.0
BAJFINANCE_20260702_112432,2026-07-02T11:24:32.565523+05:30,BAJFINANCE,LONG,1022.0,975.42,1105.85,1185.04,21.0,978.21,CLOSED,2026-07-23T00:00:00+05:30,1051.2,613.2,0.63,timeout,core,69.43333333333334
NYKAA_20260702_112432,2026-07-02T11:24:32.565523+05:30,NYKAA,LONG,311.2,296.63,337.42,362.18,68.0,990.51,CLOSED,2026-07-23T00:00:00+05:30,324.8,924.8,0.93,timeout,core,68.45555555555555
AUBANK_20260702_112432,2026-07-02T11:24:32.565523+05:30,AUBANK,LONG,1064.8,1012.95,1158.13,1246.28,19.0,985.2,CLOSED,2026-07-20T00:00:00+05:30,1012.95,-985.15,-1.0,stop,core,56.25555555555556
FINCABLES_20260702_112432,2026-07-02T11:24:32.565523+05:30,FINCABLES,LONG,1145.9,1088.61,1249.03,1346.43,17.0,974.02,CLOSED,2026-07-06T00:00:00+05:30,1088.61,-973.93,-1.0,stop,core,55.05555555555556
SHRIRAMFIN_20260703_130308,2026-07-03T13:03:08.836899+05:30,SHRIRAMFIN,LONG,1074.5,1025.39,1162.9,1246.39,20.0,982.25,CLOSED,2026-07-08T00:00:00+05:30,1025.39,-982.2,-1.0,stop,core,86.6
BAJFINANCE_20260703_130308,2026-07-03T13:03:08.836899+05:30,BAJFINANCE,LONG,1038.0,991.55,1121.62,1200.59,21.0,975.54,CLOSED,2026-07-24T00:00:00+05:30,1010.7,-573.3,-0.59,timeout,core,76.0
ABCAPITAL_20260703_130308,2026-07-03T13:03:08.836899+05:30,ABCAPITAL,LONG,403.85,383.66,440.2,474.52,49.0,989.43,CLOSED,2026-07-24T00:00:00+05:30,391.6,-600.25,-0.61,timeout,core,76.0
JBCHEPHARM_20260703_130308,2026-07-03T13:03:08.836899+05:30,JBCHEPHARM,LONG,2368.0,2262.61,2557.71,2736.88,9.0,948.55,OPEN,,,,,,core,75.8
CHOLAFIN_20260703_130308,2026-07-03T13:03:08.836899+05:30,CHOLAFIN,LONG,1800.2,1716.14,1951.51,2094.42,11.0,924.68,CLOSED,2026-07-23T00:00:00+05:30,1716.14,-924.66,-1.0,stop,core,74.0
ICICIBANK_20260703_130308,2026-07-03T13:03:08.836899+05:30,ICICIBANK,LONG,1413.3,1365.03,1500.18,1582.24,20.0,965.37,CLOSED,2026-07-24T00:00:00+05:30,1432.9,392.0,0.41,timeout,core,73.8
AUROPHARMA_20260703_130308,2026-07-03T13:03:08.836899+05:30,AUROPHARMA,LONG,1632.5,1557.45,1767.59,1895.18,13.0,975.68,CLOSED,2026-07-08T00:00:00+05:30,1557.45,-975.65,-1.0,stop,core,71.9
MAXHEALTH_20260703_130308,2026-07-03T13:03:08.836899+05:30,MAXHEALTH,LONG,1156.0,1098.2,1260.04,1358.3,17.0,982.6,CLOSED,2026-07-08T00:00:00+05:30,1098.2,-982.6,-1.0,stop,core,71.9
CHOLAFIN_20260706_140935,2026-07-06T14:09:35.844130+05:30,CHOLAFIN,LONG,1832.9,1744.65,1991.75,2141.77,11.0,970.74,CLOSED,2026-07-14T00:00:00+05:30,1744.65,-970.75,-1.0,stop,core,96.3
DELHIVERY_20260706_140935,2026-07-06T14:09:35.844130+05:30,DELHIVERY,LONG,515.05,489.3,561.4,605.18,38.0,978.59,CLOSED,2026-07-17T00:00:00+05:30,489.3,-978.5,-1.0,stop,core,94.7
GODREJPROP_20260706_140935,2026-07-06T14:09:35.844130+05:30,GODREJPROP,LONG,2036.8,1934.96,2220.11,2393.24,9.0,916.56,CLOSED,2026-07-27T00:00:00+05:30,2053.3,148.5,0.16,timeout,core,89.9
ABCAPITAL_20260706_140935,2026-07-06T14:09:35.844130+05:30,ABCAPITAL,LONG,409.1,388.89,445.47,479.82,49.0,990.14,CLOSED,2026-07-08T00:00:00+05:30,388.89,-990.29,-1.0,stop,core,88.2
ICICIBANK_20260706_140935,2026-07-06T14:09:35.844130+05:30,ICICIBANK,LONG,1426.0,1378.29,1511.87,1592.97,20.0,954.13,CLOSED,2026-07-08T00:00:00+05:30,1378.29,-954.2,-1.0,stop,core,81.0
MANAPPURAM_20260706_140935,2026-07-06T14:09:35.844130+05:30,MANAPPURAM,LONG,344.8,327.56,375.83,405.14,58.0,999.92,CLOSED,2026-07-14T00:00:00+05:30,327.56,-999.92,-1.0,stop,core,76.8
AUBANK_20260706_140935,2026-07-06T14:09:35.844130+05:30,AUBANK,LONG,1067.4,1014.46,1162.69,1252.69,18.0,952.93,CLOSED,2026-07-20T00:00:00+05:30,1014.46,-952.92,-1.0,stop,core,74.4
NYKAA_20260706_140935,2026-07-06T14:09:35.844130+05:30,NYKAA,LONG,312.8,297.16,340.95,367.54,63.0,985.32,CLOSED,2026-07-27T00:00:00+05:30,324.5,737.1,0.75,timeout,core,73.1
DELHIVERY_20260707_132051,2026-07-07T13:20:51.000160+05:30,DELHIVERY,LONG,520.1,494.09,566.91,611.12,38.0,988.19,CLOSED,2026-07-16T00:00:00+05:30,494.09,-988.38,-1.0,stop,core,89.9
CHOLAFIN_20260707_132051,2026-07-07T13:20:51.000160+05:30,CHOLAFIN,LONG,1846.6,1755.89,2009.87,2164.07,11.0,997.77,CLOSED,2026-07-09T00:00:00+05:30,1755.89,-997.81,-1.0,stop,core,82.6
JBCHEPHARM_20260707_132051,2026-07-07T13:20:51.000160+05:30,JBCHEPHARM,LONG,2418.0,2315.48,2602.53,2776.81,9.0,922.66,OPEN,,,,,,core,82.5
SHRIRAMFIN_20260707_132051,2026-07-07T13:20:51.000160+05:30,SHRIRAMFIN,LONG,1072.3,1022.63,1161.7,1246.13,20.0,993.34,CLOSED,2026-07-08T00:00:00+05:30,1022.63,-993.4,-1.0,stop,core,80.1
TITAN_20260707_132051,2026-07-07T13:20:51.000160+05:30,TITAN,LONG,4587.8,4397.22,4930.84,5254.82,5.0,952.89,CLOSED,2026-07-28T00:00:00+05:30,4806.8,1095.0,1.15,timeout,core,76.3
HFCL_20260707_132051,2026-07-07T13:20:51.000160+05:30,HFCL,LONG,219.29,208.33,239.03,257.67,91.0,997.77,CLOSED,2026-07-14T00:00:00+05:30,208.33,-997.36,-1.0,stop,core,73.7
BAJFINANCE_20260707_132051,2026-07-07T13:20:51.000160+05:30,BAJFINANCE,LONG,1034.5,990.26,1114.13,1189.34,22.0,973.3,CLOSED,2026-07-28T00:00:00+05:30,1048.9,316.8,0.33,timeout,core,69.7
NYKAA_20260707_132051,2026-07-07T13:20:51.000160+05:30,NYKAA,LONG,314.3,298.86,342.09,368.33,64.0,988.02,CLOSED,2026-07-28T00:00:00+05:30,329.6,979.2,0.99,timeout,core,64.3
NYKAA_20260708_120644,2026-07-08T12:06:44.271426+05:30,NYKAA,LONG,322.7,306.81,351.29,378.3,62.0,984.88,CLOSED,2026-07-29T00:00:00+05:30,327.5,297.6,0.3,timeout,core,80.3
CHOLAFIN_20260708_120644,2026-07-08T12:06:44.271426+05:30,CHOLAFIN,LONG,1847.1,1759.54,2004.71,2153.56,11.0,963.16,CLOSED,2026-07-09T00:00:00+05:30,1759.54,-963.16,-1.0,stop,core,74.6
OFSS_20260708_120644,2026-07-08T12:06:44.271426+05:30,OFSS,LONG,11063.0,10509.85,12058.67,12999.02,1.0,553.15,CLOSED,2026-07-23T00:00:00+05:30,10509.85,-553.15,-1.0,stop,core,70.7
SONACOMS_20260708_120644,2026-07-08T12:06:44.271426+05:30,SONACOMS,LONG,675.9,643.13,734.89,790.6,30.0,983.1,CLOSED,2026-07-29T00:00:00+05:30,727.69,1553.85,1.58,target,core,70.3
LUPIN_20260708_120644,2026-07-08T12:06:44.271426+05:30,LUPIN,LONG,2506.0,2416.71,2666.73,2818.53,11.0,982.23,CLOSED,2026-07-22T00:00:00+05:30,2416.71,-982.19,-1.0,stop,core,62.8
BAJFINANCE_20260708_120644,2026-07-08T12:06:44.271426+05:30,BAJFINANCE,LONG,1030.4,984.26,1113.45,1191.89,21.0,968.92,CLOSED,2026-07-29T00:00:00+05:30,1057.4,567.0,0.59,timeout,core,62.5
HFCL_20260708_120644,2026-07-08T12:06:44.271426+05:30,HFCL,LONG,220.97,209.92,240.86,259.64,90.0,994.37,CLOSED,2026-07-09T00:00:00+05:30,209.92,-994.5,-1.0,stop,core,61.9
ETERNAL_20260708_120644,2026-07-08T12:06:44.271426+05:30,ETERNAL,LONG,294.75,280.01,321.28,346.33,67.0,987.41,CLOSED,2026-07-14T00:00:00+05:30,280.01,-987.58,-1.0,stop,core,61.0
NYKAA_20260709_131945,2026-07-09T13:19:45.792133+05:30,NYKAA,LONG,323.9,308.11,352.33,379.17,63.0,994.91,CLOSED,2026-07-30T00:00:00+05:30,333.75,620.55,0.62,timeout,core,80.0
SUNPHARMA_20260709_131945,2026-07-09T13:19:45.792133+05:30,SUNPHARMA,LONG,1937.0,1874.88,2048.82,2154.43,16.0,993.96,CLOSED,2026-07-30T00:00:00+05:30,2001.1,1025.6,1.03,timeout,core,79.7
OFSS_20260709_131945,2026-07-09T13:19:45.792133+05:30,OFSS,LONG,11200.0,10640.0,12208.0,13160.0,1.0,560.0,CLOSED,2026-07-23T00:00:00+05:30,10640.0,-560.0,-1.0,stop,core,74.3
PAYTM_20260709_131945,2026-07-09T13:19:45.792133+05:30,PAYTM,LONG,1263.6,1200.42,1377.32,1484.73,15.0,947.7,CLOSED,2026-07-22T00:00:00+05:30,1320.46,852.9,0.9,target,core,72.8
EXIDEIND_20260709_131945,2026-07-09T13:19:45.792133+05:30,EXIDEIND,LONG,426.0,404.7,464.34,500.55,46.0,979.8,CLOSED,2026-07-30T00:00:00+05:30,443.7,814.2,0.83,timeout,core,72.3
GODREJPROP_20260709_131945,2026-07-09T13:19:45.792133+05:30,GODREJPROP,LONG,2038.8,1936.86,2222.29,2395.59,9.0,917.46,CLOSED,2026-07-30T00:00:00+05:30,2110.9,648.9,0.71,timeout,core,72.0
CHOLAFIN_20260709_131945,2026-07-09T13:19:45.792133+05:30,CHOLAFIN,LONG,1791.7,1702.11,1952.95,2105.25,11.0,985.43,CLOSED,2026-07-23T00:00:00+05:30,1702.11,-985.49,-1.0,stop,core,68.6
DELHIVERY_20260709_131945,2026-07-09T13:19:45.792133+05:30,DELHIVERY,LONG,514.7,488.97,561.02,604.77,38.0,977.93,CLOSED,2026-07-17T00:00:00+05:30,488.97,-977.74,-1.0,stop,core,67.8
OFSS_20260710_131814,2026-07-10T13:18:14.193346+05:30,OFSS,LONG,11511.0,10935.45,12546.99,13525.42,1.0,575.55,CLOSED,2026-07-22T00:00:00+05:30,10935.45,-575.55,-1.0,stop,core,92.2
NYKAA_20260710_131814,2026-07-10T13:18:14.193346+05:30,NYKAA,LONG,326.7,310.37,356.1,383.87,61.0,996.44,CLOSED,2026-07-31T00:00:00+05:30,332.45,350.75,0.35,timeout,core,79.0
DLF_20260710_131814,2026-07-10T13:18:14.193346+05:30,DLF,LONG,687.1,652.74,748.94,807.34,29.0,996.29,CLOSED,2026-07-16T00:00:00+05:30,652.74,-996.44,-1.0,stop,core,77.9
DIXON_20260710_131814,2026-07-10T13:18:14.193346+05:30,DIXON,LONG,13528.0,12851.6,14745.52,15895.4,1.0,676.4,CLOSED,2026-07-31T00:00:00+05:30,14049.0,521.0,0.77,timeout,core,73.1
DELHIVERY_20260710_131814,2026-07-10T13:18:14.193346+05:30,DELHIVERY,LONG,516.45,490.63,562.93,606.83,38.0,981.26,CLOSED,2026-07-16T00:00:00+05:30,490.63,-981.16,-1.0,stop,core,65.5
SONACOMS_20260710_131814,2026-07-10T13:18:14.193346+05:30,SONACOMS,LONG,665.3,632.03,725.18,781.73,30.0,997.95,CLOSED,2026-07-31T00:00:00+05:30,747.46,2464.95,2.47,target,core,63.6
KPITTECH_20260710_131814,2026-07-10T13:18:14.193346+05:30,KPITTECH,SHORT,560.8,588.84,510.33,462.66,35.0,981.4,CLOSED,2026-07-27T00:00:00+05:30,588.84,-981.4,-1.0,stop,core,59.9
MANAPPURAM_20260710_131814,2026-07-10T13:18:14.193346+05:30,MANAPPURAM,LONG,340.05,323.05,370.65,399.56,58.0,986.14,CLOSED,2026-07-14T00:00:00+05:30,323.05,-986.0,-1.0,stop,core,59.5
OFSS_20260713_130258,2026-07-13T13:02:58.893313+05:30,OFSS,LONG,11890.0,11295.5,12960.1,13970.75,1.0,594.5,CLOSED,2026-07-22T00:00:00+05:30,11295.5,-594.5,-1.0,stop,core,90.4
KAJARIACER_20260713_130258,2026-07-13T13:02:58.893313+05:30,KAJARIACER,LONG,1248.0,1190.0,1352.4,1451.0,17.0,985.99,CLOSED,2026-07-24T00:00:00+05:30,1190.0,-986.0,-1.0,stop,core,80.4
PAYTM_20260713_130258,2026-07-13T13:02:58.893313+05:30,PAYTM,LONG,1373.0,1304.35,1496.57,1613.28,14.0,961.1,CLOSED,2026-07-21T00:00:00+05:30,1304.35,-961.1,-1.0,stop,core,75.6
LAURUSLABS_20260713_130258,2026-07-13T13:02:58.893313+05:30,LAURUSLABS,LONG,1555.6,1477.82,1695.6,1827.83,12.0,933.36,CLOSED,2026-08-03T00:00:00+05:30,1761.71,2473.38,2.65,target2,core,69.4
ZENSARTECH_20260713_130258,2026-07-13T13:02:58.893313+05:30,ZENSARTECH,LONG,539.75,512.76,588.33,634.21,37.0,998.54,CLOSED,2026-07-15T00:00:00+05:30,512.76,-998.63,-1.0,stop,core,59.9
SONACOMS_20260713_130258,2026-07-13T13:02:58.893313+05:30,SONACOMS,LONG,670.0,636.52,730.27,787.19,29.0,970.99,CLOSED,2026-08-03T00:00:00+05:30,755.78,2487.76,2.56,target,core,59.8
JBCHEPHARM_20260713_130258,2026-07-13T13:02:58.893313+05:30,JBCHEPHARM,LONG,2444.2,2344.47,2623.71,2793.24,10.0,997.26,OPEN,,,,,,core,58.5
VEDL_20260713_130258,2026-07-13T13:02:58.893313+05:30,VEDL,SHORT,269.15,282.61,244.93,222.05,74.0,995.85,CLOSED,2026-08-03T00:00:00+05:30,265.1,299.7,0.3,timeout,core,57.8
KAJARIACER_20260714_115201,2026-07-14T11:52:01.671805+05:30,KAJARIACER,LONG,1235.1,1176.46,1340.66,1440.35,17.0,996.92,CLOSED,2026-08-04T00:00:00+05:30,1197.8,-634.1,-0.64,timeout,core,72.8
OFSS_20260714_115201,2026-07-14T11:52:01.671805+05:30,OFSS,LONG,11838.0,11246.1,12903.42,13909.65,1.0,591.9,CLOSED,2026-07-22T00:00:00+05:30,11246.1,-591.9,-1.0,stop,core,70.1
LAURUSLABS_20260714_115201,2026-07-14T11:52:01.671805+05:30,LAURUSLABS,LONG,1567.9,1489.51,1709.01,1842.28,12.0,940.74,CLOSED,2026-08-04T00:00:00+05:30,1775.64,2492.94,2.65,target2,core,68.2
JBCHEPHARM_20260714_115201,2026-07-14T11:52:01.671805+05:30,JBCHEPHARM,LONG,2480.7,2381.15,2659.9,2829.14,10.0,995.54,CLOSED,2026-07-16T00:00:00+05:30,2381.15,-995.5,-1.0,stop,core,66.2
TORNTPHARM_20260714_115201,2026-07-14T11:52:01.671805+05:30,TORNTPHARM,LONG,4994.3,4789.4,5363.12,5711.45,4.0,819.6,CLOSED,2026-07-17T00:00:00+05:30,4789.4,-819.6,-1.0,stop,core,66.1
KPITTECH_20260714_115201,2026-07-14T11:52:01.671805+05:30,KPITTECH,SHORT,560.45,588.47,510.01,462.37,35.0,980.79,CLOSED,2026-07-27T00:00:00+05:30,588.47,-980.7,-1.0,stop,core,64.0
SONACOMS_20260714_115201,2026-07-14T11:52:01.671805+05:30,SONACOMS,LONG,668.35,635.25,727.94,784.21,30.0,993.12,CLOSED,2026-08-03T00:00:00+05:30,756.08,2631.75,2.65,target2,core,57.3
OFSS_20260715_115517,2026-07-15T11:55:17.137132+05:30,OFSS,LONG,11701.0,11115.95,12754.09,13748.67,1.0,585.05,CLOSED,2026-07-22T00:00:00+05:30,11115.95,-585.05,-1.0,stop,core,75.4
SUNPHARMA_20260715_115517,2026-07-15T11:55:17.137132+05:30,SUNPHARMA,LONG,1956.2,1893.04,2069.89,2177.26,15.0,947.4,CLOSED,2026-08-05T00:00:00+05:30,1940.0,-243.0,-0.26,timeout,core,69.4
VEDL_20260715_115517,2026-07-15T11:55:17.137132+05:30,VEDL,SHORT,263.2,276.36,239.51,217.14,75.0,987.0,CLOSED,2026-08-05T00:00:00+05:30,268.15,-371.25,-0.38,timeout,core,67.5
TATAELXSI_20260715_115517,2026-07-15T11:55:17.137132+05:30,TATAELXSI,SHORT,3517.3,3693.17,3200.74,2901.77,5.0,879.33,CLOSED,2026-07-29T00:00:00+05:30,3693.17,-879.35,-1.0,stop,core,67.0
HFCL_20260715_115517,2026-07-15T11:55:17.137132+05:30,HFCL,LONG,223.41,212.24,243.52,262.51,89.0,994.17,CLOSED,2026-07-20T00:00:00+05:30,212.24,-994.13,-1.0,stop,core,64.8
APOLLOHOSP_20260715_115517,2026-07-15T11:55:17.137132+05:30,APOLLOHOSP,LONG,8977.5,8695.48,9485.13,9964.56,3.0,846.05,CLOSED,2026-08-05T00:00:00+05:30,8915.5,-186.0,-0.22,timeout,core,61.1
PAYTM_20260715_115517,2026-07-15T11:55:17.137132+05:30,PAYTM,LONG,1364.8,1296.56,1487.63,1603.64,14.0,955.36,CLOSED,2026-07-21T00:00:00+05:30,1296.56,-955.36,-1.0,stop,core,59.3
LUPIN_20260715_115517,2026-07-15T11:55:17.137132+05:30,LUPIN,LONG,2503.5,2410.59,2670.73,2828.68,10.0,929.07,CLOSED,2026-07-22T00:00:00+05:30,2410.59,-929.1,-1.0,stop,core,56.6
SONACOMS_20260716_115849,2026-07-16T11:58:49.102071+05:30,SONACOMS,LONG,682.6,648.47,744.03,802.05,29.0,989.77,CLOSED,2026-08-05T00:00:00+05:30,773.04,2622.76,2.65,target2,core,77.4
OFSS_20260716_115849,2026-07-16T11:58:49.102071+05:30,OFSS,LONG,11786.0,11196.7,12846.74,13848.55,1.0,589.3,CLOSED,2026-07-22T00:00:00+05:30,11196.7,-589.3,-1.0,stop,core,75.4
TANLA_20260716_115849,2026-07-16T11:58:49.102071+05:30,TANLA,LONG,586.05,556.75,638.79,688.61,34.0,996.28,CLOSED,2026-07-22T00:00:00+05:30,556.75,-996.2,-1.0,stop,core,73.7
DIXON_20260716_115849,2026-07-16T11:58:49.102071+05:30,DIXON,LONG,14319.0,13603.05,15607.71,16824.83,1.0,715.95,CLOSED,2026-07-24T00:00:00+05:30,13603.05,-715.95,-1.0,stop,core,62.9
LAURUSLABS_20260716_115849,2026-07-16T11:58:49.102071+05:30,LAURUSLABS,LONG,1558.7,1480.76,1698.98,1831.47,12.0,935.22,CLOSED,2026-08-03T00:00:00+05:30,1765.22,2478.3,2.65,target2,core,60.4
DIVISLAB_20260716_115849,2026-07-16T11:58:49.102071+05:30,DIVISLAB,LONG,7382.5,7068.6,7947.51,8481.14,3.0,941.69,CLOSED,2026-08-03T00:00:00+05:30,8214.33,2495.48,2.65,target2,core,59.4
JBCHEPHARM_20260716_115849,2026-07-16T11:58:49.102071+05:30,JBCHEPHARM,LONG,2465.6,2363.64,2649.13,2822.46,9.0,917.64,OPEN,,,,,,core,56.6
TORNTPHARM_20260716_115849,2026-07-16T11:58:49.102071+05:30,TORNTPHARM,LONG,4991.0,4785.79,5360.37,5709.23,4.0,820.83,CLOSED,2026-07-17T00:00:00+05:30,4785.79,-820.84,-1.0,stop,core,56.6
OFSS_20260717_115517,2026-07-17T11:55:17.881578+05:30,OFSS,LONG,11630.0,11048.5,12676.7,13665.25,1.0,581.5,CLOSED,2026-07-22T00:00:00+05:30,11048.5,-581.5,-1.0,stop,core,75.4
SONACOMS_20260717_115517,2026-07-17T11:55:17.881578+05:30,SONACOMS,LONG,705.65,670.62,768.71,828.26,28.0,980.87,CLOSED,2026-08-07T00:00:00+05:30,780.46,2094.54,2.14,target,core,73.2
RELAXO_20260717_115517,2026-07-17T11:55:17.881578+05:30,RELAXO,LONG,416.55,395.72,454.04,489.45,48.0,999.72,CLOSED,2026-07-21T00:00:00+05:30,435.3,899.76,0.9,target,core,71.4
VEDL_20260717_115517,2026-07-17T11:55:17.881578+05:30,VEDL,SHORT,254.6,267.33,231.69,210.05,78.0,992.94,CLOSED,2026-07-23T00:00:00+05:30,267.33,-992.94,-1.0,stop,core,69.2
EXIDEIND_20260717_115517,2026-07-17T11:55:17.881578+05:30,EXIDEIND,LONG,430.85,409.31,469.63,506.25,46.0,990.96,CLOSED,2026-08-07T00:00:00+05:30,479.81,2252.39,2.27,target,core,69.1
ICICIBANK_20260717_115517,2026-07-17T11:55:17.881578+05:30,ICICIBANK,LONG,1439.0,1391.03,1525.34,1606.88,20.0,959.3,CLOSED,2026-08-07T00:00:00+05:30,1441.4,48.0,0.05,timeout,core,68.6
KPITTECH_20260717_115517,2026-07-17T11:55:17.881578+05:30,KPITTECH,SHORT,549.5,576.98,500.05,453.34,36.0,989.1,CLOSED,2026-07-21T00:00:00+05:30,576.98,-989.28,-1.0,stop,core,59.6
JBCHEPHARM_20260717_115517,2026-07-17T11:55:17.881578+05:30,JBCHEPHARM,LONG,2408.9,2292.75,2617.98,2815.44,8.0,929.22,OPEN,,,,,,core,56.8
OFSS_20260720_125307,2026-07-20T12:53:07.069338+05:30,OFSS,LONG,11607.0,11026.65,12651.63,13638.23,1.0,580.35,CLOSED,2026-07-22T00:00:00+05:30,11026.65,-580.35,-1.0,stop,core,72.9
TORNTPHARM_20260720_125307,2026-07-20T12:53:07.069338+05:30,TORNTPHARM,LONG,4958.6,4710.67,5404.87,5826.36,4.0,991.72,CLOSED,2026-08-10T00:00:00+05:30,4903.0,-222.4,-0.22,timeout,core,65.8
DIXON_20260720_125307,2026-07-20T12:53:07.069338+05:30,DIXON,LONG,14491.0,13766.45,15795.19,17026.92,1.0,724.55,CLOSED,2026-07-22T00:00:00+05:30,13766.45,-724.55,-1.0,stop,core,62.3
KPITTECH_20260720_125307,2026-07-20T12:53:07.069338+05:30,KPITTECH,SHORT,556.55,584.38,506.46,459.15,35.0,973.96,CLOSED,2026-07-24T00:00:00+05:30,584.38,-974.05,-1.0,stop,core,60.9
DIVISLAB_20260720_125307,2026-07-20T12:53:07.069338+05:30,DIVISLAB,LONG,7402.0,7098.96,7947.47,8462.64,3.0,909.12,CLOSED,2026-08-03T00:00:00+05:30,8205.06,2409.17,2.65,target2,core,60.6
RELAXO_20260720_125307,2026-07-20T12:53:07.069338+05:30,RELAXO,LONG,429.85,408.36,468.54,505.07,46.0,988.66,CLOSED,2026-07-21T00:00:00+05:30,408.36,-988.54,-1.0,stop,core,58.6
VEDL_20260720_125307,2026-07-20T12:53:07.069338+05:30,VEDL,SHORT,259.25,272.21,235.92,213.88,77.0,998.11,CLOSED,2026-08-05T00:00:00+05:30,272.21,-997.92,-1.0,stop,core,57.1
SONACOMS_20260720_125307,2026-07-20T12:53:07.069338+05:30,SONACOMS,LONG,706.65,671.68,769.59,829.03,28.0,979.05,CLOSED,2026-08-10T00:00:00+05:30,799.31,2594.48,2.65,target2,core,56.0
BAJFINANCE_20260721_120835,2026-07-21T12:08:35.311307+05:30,BAJFINANCE,LONG,1068.0,1020.96,1152.67,1232.63,21.0,987.77,CLOSED,2026-07-24T00:00:00+05:30,1020.96,-987.84,-1.0,stop,core,79.8
EXIDEIND_20260721_120835,2026-07-21T12:08:35.311307+05:30,EXIDEIND,LONG,441.4,419.33,481.13,518.64,45.0,993.15,CLOSED,2026-08-11T00:00:00+05:30,487.94,2094.3,2.11,target,core,68.9
OFSS_20260721_120835,2026-07-21T12:08:35.311307+05:30,OFSS,LONG,11660.0,11077.0,12709.4,13700.5,1.0,583.0,CLOSED,2026-07-22T00:00:00+05:30,11077.0,-583.0,-1.0,stop,core,67.5
FEDERALBNK_20260721_120835,2026-07-21T12:08:35.311307+05:30,FEDERALBNK,LONG,353.75,338.17,381.8,408.29,64.0,997.25,CLOSED,2026-08-11T00:00:00+05:30,352.7,-67.2,-0.07,timeout,core,65.9
SONACOMS_20260721_120835,2026-07-21T12:08:35.311307+05:30,SONACOMS,LONG,724.8,690.02,787.41,846.54,28.0,973.89,CLOSED,2026-08-11T00:00:00+05:30,797.78,2043.44,2.1,target,core,62.7
LAURUSLABS_20260721_120835,2026-07-21T12:08:35.311307+05:30,LAURUSLABS,LONG,1587.8,1509.31,1729.08,1862.51,12.0,941.87,CLOSED,2026-08-10T00:00:00+05:30,1795.8,2495.94,2.65,target2,core,61.1
DIXON_20260721_120835,2026-07-21T12:08:35.311307+05:30,DIXON,LONG,14192.0,13482.4,15469.28,16675.6,1.0,709.6,CLOSED,2026-08-11T00:00:00+05:30,14085.0,-107.0,-0.15,timeout,core,57.9
BAJAJ-AUTO_20260722_121002,2026-07-22T12:10:02.754464+05:30,BAJAJ-AUTO,LONG,10890.0,10433.84,11711.09,12486.57,2.0,912.33,CLOSED,2026-08-13T00:00:00+05:30,11669.05,1558.09,1.71,target,core,83.7
TVSMOTOR_20260722_121002,2026-07-22T12:10:02.754464+05:30,TVSMOTOR,LONG,3939.1,3742.15,4293.62,4628.44,5.0,984.78,CLOSED,2026-08-12T00:00:00+05:30,4346.06,2034.8,2.07,target,core,78.6
TITAN_20260722_121002,2026-07-22T12:10:02.754464+05:30,TITAN,LONG,4713.6,4558.58,4992.63,5256.16,6.0,930.1,CLOSED,2026-08-12T00:00:00+05:30,5020.62,1842.09,1.98,target,core,62.5
TATAELXSI_20260722_121002,2026-07-22T12:10:02.754464+05:30,TATAELXSI,SHORT,3414.0,3584.7,3106.74,2816.55,5.0,853.5,CLOSED,2026-07-28T00:00:00+05:30,3584.7,-853.5,-1.0,stop,core,61.3
SONACOMS_20260722_121002,2026-07-22T12:10:02.754464+05:30,SONACOMS,LONG,726.7,691.08,790.82,851.37,28.0,997.37,CLOSED,2026-08-12T00:00:00+05:30,796.93,1966.58,1.97,target,core,59.5
TORNTPHARM_20260722_121002,2026-07-22T12:10:02.754464+05:30,TORNTPHARM,LONG,4980.9,4731.85,5429.18,5852.56,4.0,996.18,CLOSED,2026-08-12T00:00:00+05:30,4877.5,-413.6,-0.42,timeout,core,59.1
DIXON_20260722_121002,2026-07-22T12:10:02.754464+05:30,DIXON,LONG,13999.0,13299.05,15258.91,16448.83,1.0,699.95,CLOSED,2026-08-12T00:00:00+05:30,13766.0,-233.0,-0.33,timeout,core,55.1
DRREDDY_20260723_120750,2026-07-23T12:07:50.919067+05:30,DRREDDY,SHORT,1155.3,1213.07,1051.32,953.12,17.0,982.01,CLOSED,2026-08-13T00:00:00+05:30,1203.1,-812.6,-0.83,timeout,core,91.1
KPITTECH_20260723_120750,2026-07-23T12:07:50.919067+05:30,KPITTECH,SHORT,554.0,581.7,504.14,457.05,36.0,997.2,CLOSED,2026-07-24T00:00:00+05:30,581.7,-997.2,-1.0,stop,core,72.9
TATAELXSI_20260723_120750,2026-07-23T12:07:50.919067+05:30,TATAELXSI,SHORT,3429.6,3601.08,3120.94,2829.42,5.0,857.4,CLOSED,2026-07-28T00:00:00+05:30,3601.08,-857.4,-1.0,stop,core,59.5
HDFCBANK_20260723_120750,2026-07-23T12:07:50.919067+05:30,HDFCBANK,SHORT,745.55,777.26,688.48,634.58,31.0,982.87,CLOSED,2026-08-13T00:00:00+05:30,726.35,595.2,0.61,timeout,core,59.3
KEC_20260723_120750,2026-07-23T12:07:50.919067+05:30,KEC,SHORT,476.2,500.01,433.34,392.87,41.0,976.21,CLOSED,2026-08-13T00:00:00+05:30,444.85,1285.35,1.32,timeout,core,59.2
VGUARD_20260723_120750,2026-07-23T12:07:50.919067+05:30,VGUARD,SHORT,295.4,308.41,271.98,249.86,76.0,988.93,CLOSED,2026-07-29T00:00:00+05:30,308.41,-988.76,-1.0,stop,core,56.3
TANLA_20260723_120750,2026-07-23T12:07:50.919067+05:30,TANLA,LONG,641.0,608.95,698.69,753.17,31.0,993.55,CLOSED,2026-07-24T00:00:00+05:30,608.95,-993.55,-1.0,stop,core,55.6
BAJAJ-AUTO_20260723_120750,2026-07-23T12:07:50.919067+05:30,BAJAJ-AUTO,LONG,11284.5,10792.74,12169.67,13005.67,2.0,983.53,CLOSED,2026-08-13T00:00:00+05:30,11637.0,705.0,0.72,timeout,core,55.3
KPITTECH_20260724_120639,2026-07-24T12:06:39.398463+05:30,KPITTECH,SHORT,558.0,585.9,507.78,460.35,35.0,976.5,CLOSED,2026-07-27T00:00:00+05:30,585.9,-976.5,-1.0,stop,core,64.9
DRREDDY_20260724_120639,2026-07-24T12:06:39.398463+05:30,DRREDDY,SHORT,1149.9,1207.4,1046.41,948.67,17.0,977.42,CLOSED,2026-08-13T00:00:00+05:30,1207.4,-977.5,-1.0,stop,core,64.4
HDFCBANK_20260724_120639,2026-07-24T12:06:39.398463+05:30,HDFCBANK,SHORT,741.2,772.27,685.27,632.44,32.0,994.39,CLOSED,2026-08-14T00:00:00+05:30,726.6,467.2,0.47,timeout,core,62.3
LT_20260724_120639,2026-07-24T12:06:39.398463+05:30,LT,SHORT,3788.6,3921.04,3550.21,3325.06,7.0,927.07,CLOSED,2026-07-29T00:00:00+05:30,3921.04,-927.08,-1.0,stop,core,54.1
IRFC_20260724_120639,2026-07-24T12:06:39.398463+05:30,IRFC,SHORT,87.35,90.46,81.76,76.48,321.0,997.14,CLOSED,2026-08-03T00:00:00+05:30,90.46,-998.31,-1.0,stop,core,52.8
DRREDDY_20260727_131458,2026-07-27T13:14:58.537111+05:30,DRREDDY,SHORT,1153.5,1211.17,1049.68,951.64,17.0,980.47,CLOSED,2026-08-17T00:00:00+05:30,1195.6,-715.7,-0.73,timeout,core,74.1
DIVISLAB_20260727_131458,2026-07-27T13:14:58.537111+05:30,DIVISLAB,LONG,7441.5,7138.9,7986.18,8500.6,3.0,907.8,CLOSED,2026-08-03T00:00:00+05:30,8243.39,2405.67,2.65,target2,core,61.6
KPITTECH_20260727_131458,2026-07-27T13:14:58.537111+05:30,KPITTECH,SHORT,586.5,615.83,533.72,483.86,34.0,997.05,CLOSED,2026-07-29T00:00:00+05:30,615.83,-997.22,-1.0,stop,core,60.6
BAJAJ-AUTO_20260727_131458,2026-07-27T13:14:58.537111+05:30,BAJAJ-AUTO,LONG,11200.0,10724.37,12056.14,12864.71,2.0,951.27,CLOSED,2026-08-17T00:00:00+05:30,11663.0,926.0,0.97,timeout,core,56.1
HDFCBANK_20260727_131458,2026-07-27T13:14:58.537111+05:30,HDFCBANK,SHORT,738.8,769.19,684.09,632.42,32.0,972.64,CLOSED,2026-08-17T00:00:00+05:30,725.5,425.6,0.44,timeout,core,52.6
IIFL_20260728_120658,2026-07-28T12:06:58.486079+05:30,IIFL,LONG,588.75,559.31,641.74,691.78,33.0,971.44,CLOSED,2026-08-18T00:00:00+05:30,624.05,1164.9,1.2,timeout,core,81.1
LAURUSLABS_20260728_120658,2026-07-28T12:06:58.486079+05:30,LAURUSLABS,LONG,1740.6,1653.57,1897.25,2045.2,11.0,957.33,CLOSED,2026-08-18T00:00:00+05:30,1810.9,773.3,0.81,timeout,core,71.0
BAJAJ-AUTO_20260728_120658,2026-07-28T12:06:58.486079+05:30,BAJAJ-AUTO,LONG,11228.0,10758.37,12073.34,12871.71,2.0,939.27,CLOSED,2026-08-18T00:00:00+05:30,11657.0,858.0,0.91,timeout,core,69.8
TVSMOTOR_20260728_120658,2026-07-28T12:06:58.486079+05:30,TVSMOTOR,LONG,3965.7,3767.41,4322.61,4659.7,5.0,991.42,CLOSED,2026-08-18T00:00:00+05:30,4343.81,1890.53,1.91,target,core,68.3
TITAN_20260728_120658,2026-07-28T12:06:58.486079+05:30,TITAN,LONG,4806.8,4650.2,5088.68,5354.89,6.0,939.59,CLOSED,2026-08-18T00:00:00+05:30,5068.64,1571.04,1.67,target,core,67.4
TECHM_20260728_120658,2026-07-28T12:06:58.486079+05:30,TECHM,LONG,1631.0,1549.45,1777.79,1916.42,12.0,978.6,CLOSED,2026-08-18T00:00:00+05:30,1588.3,-512.4,-0.52,timeout,core,67.1
COFORGE_20260728_120658,2026-07-28T12:06:58.486079+05:30,COFORGE,LONG,1666.4,1583.08,1816.38,1958.02,12.0,999.84,CLOSED,2026-08-18T00:00:00+05:30,1797.69,1575.48,1.58,target,core,66.7
FEDERALBNK_20260728_120658,2026-07-28T12:06:58.486079+05:30,FEDERALBNK,LONG,357.7,344.13,382.13,405.21,73.0,990.95,CLOSED,2026-08-18T00:00:00+05:30,354.55,-229.95,-0.23,timeout,core,65.2
BAJAJ-AUTO_20260729_121206,2026-07-29T12:12:06.058923+05:30,BAJAJ-AUTO,LONG,11446.0,10954.56,12330.6,13166.06,2.0,982.89,CLOSED,2026-08-19T00:00:00+05:30,11675.0,458.0,0.47,timeout,core,86.2
DIVISLAB_20260729_121206,2026-07-29T12:12:06.058923+05:30,DIVISLAB,LONG,7688.5,7367.37,8266.53,8812.45,3.0,963.39,CLOSED,2026-08-19T00:00:00+05:30,8403.01,2143.54,2.23,target,core,74.0
IIFL_20260729_121206,2026-07-29T12:12:06.058923+05:30,IIFL,LONG,595.65,565.87,649.26,699.89,33.0,982.82,CLOSED,2026-08-19T00:00:00+05:30,630.35,1145.1,1.17,timeout,core,72.1
COFORGE_20260729_121206,2026-07-29T12:12:06.058923+05:30,COFORGE,LONG,1721.3,1635.24,1876.22,2022.53,11.0,946.72,CLOSED,2026-08-19T00:00:00+05:30,1803.3,902.0,0.95,timeout,core,71.6
UNITDSPR_20260729_121206,2026-07-29T12:12:06.058923+05:30,UNITDSPR,LONG,1513.7,1446.63,1634.42,1748.43,14.0,938.92,CLOSED,2026-08-19T00:00:00+05:30,1531.0,242.2,0.26,timeout,core,70.0
TVSMOTOR_20260729_121206,2026-07-29T12:12:06.058923+05:30,TVSMOTOR,LONG,4056.5,3859.75,4410.66,4745.14,5.0,983.77,CLOSED,2026-08-19T00:00:00+05:30,4393.78,1686.4,1.71,target,core,69.5
LAURUSLABS_20260729_121206,2026-07-29T12:12:06.058923+05:30,LAURUSLABS,LONG,1782.4,1693.28,1942.82,2094.32,11.0,980.32,CLOSED,2026-08-19T00:00:00+05:30,1811.0,314.6,0.32,timeout,core,68.9
TECHM_20260729_121206,2026-07-29T12:12:06.058923+05:30,TECHM,LONG,1652.9,1570.26,1801.66,1942.16,12.0,991.74,CLOSED,2026-08-19T00:00:00+05:30,1586.8,-793.2,-0.8,timeout,core,65.4
MANAPPURAM_20260730_120731,2026-07-30T12:07:31.557289+05:30,MANAPPURAM,LONG,372.25,353.64,405.75,437.39,53.0,986.46,CLOSED,2026-08-04T00:00:00+05:30,353.64,-986.33,-1.0,stop,core,93.7
IIFL_20260730_120731,2026-07-30T12:07:31.557289+05:30,IIFL,LONG,606.6,576.27,661.19,712.75,32.0,970.56,CLOSED,2026-08-20T00:00:00+05:30,641.0,1100.8,1.13,timeout,core,73.4
SONACOMS_20260730_120731,2026-07-30T12:07:31.557289+05:30,SONACOMS,LONG,746.4,709.08,813.58,877.02,26.0,970.32,CLOSED,2026-08-20T00:00:00+05:30,824.02,2017.99,2.08,target,core,72.4
DIVISLAB_20260730_120731,2026-07-30T12:07:31.557289+05:30,DIVISLAB,LONG,7858.5,7514.75,8477.24,9061.61,2.0,687.49,CLOSED,2026-08-20T00:00:00+05:30,8506.87,1296.74,1.89,target,core,70.5
BAJAJ-AUTO_20260730_120731,2026-07-30T12:07:31.557289+05:30,BAJAJ-AUTO,LONG,11456.0,10980.37,12312.13,13120.69,2.0,951.25,CLOSED,2026-08-20T00:00:00+05:30,11723.0,534.0,0.56,timeout,core,66.9
EICHERMOT_20260730_120731,2026-07-30T12:07:31.557289+05:30,EICHERMOT,LONG,7853.5,7536.89,8423.4,8961.64,3.0,949.83,CLOSED,2026-08-20T00:00:00+05:30,8094.0,721.5,0.76,timeout,core,65.6
UNITDSPR_20260730_120731,2026-07-30T12:07:31.557289+05:30,UNITDSPR,LONG,1518.6,1451.79,1638.86,1752.43,14.0,935.32,CLOSED,2026-08-21T00:00:00+05:30,1546.5,390.6,0.42,timeout,core,64.4
TVSMOTOR_20260730_120731,2026-07-30T12:07:31.557289+05:30,TVSMOTOR,LONG,4158.2,3957.81,4518.91,4859.57,4.0,801.57,CLOSED,2026-08-21T00:00:00+05:30,4351.4,772.8,0.96,timeout,core,61.8
BAJAJ-AUTO_20260731_122234,2026-07-31T12:22:34.002319+05:30,BAJAJ-AUTO,LONG,11578.5,11097.02,12445.17,13263.69,2.0,962.97,CLOSED,2026-08-21T00:00:00+05:30,11718.0,279.0,0.29,timeout,core,82.5
LAURUSLABS_20260731_122234,2026-07-31T12:22:34.002319+05:30,LAURUSLABS,LONG,1815.6,1724.82,1979.0,2133.33,11.0,998.58,CLOSED,2026-08-21T00:00:00+05:30,1812.0,-39.6,-0.04,timeout,core,69.2
TVSMOTOR_20260731_122234,2026-07-31T12:22:34.002319+05:30,TVSMOTOR,LONG,4306.8,4098.72,4681.34,5035.08,4.0,832.32,CLOSED,2026-08-21T00:00:00+05:30,4360.9,216.4,0.26,timeout,core,68.3
DIVISLAB_20260731_122234,2026-07-31T12:22:34.002319+05:30,DIVISLAB,LONG,8025.0,7671.77,8660.82,9261.32,2.0,706.47,CLOSED,2026-08-21T00:00:00+05:30,8592.66,1135.32,1.61,target,core,67.6
IIFL_20260731_122234,2026-07-31T12:22:34.002319+05:30,IIFL,LONG,616.4,585.58,671.88,724.27,32.0,986.24,CLOSED,2026-08-21T00:00:00+05:30,675.92,1904.48,1.93,target,core,64.7
SONACOMS_20260731_122234,2026-07-31T12:22:34.002319+05:30,SONACOMS,LONG,769.75,731.26,839.03,904.46,25.0,962.19,CLOSED,2026-08-21T00:00:00+05:30,825.16,1385.37,1.44,target,core,64.5
TORNTPHARM_20260731_122234,2026-07-31T12:22:34.002319+05:30,TORNTPHARM,LONG,5121.4,4865.33,5582.33,6017.64,3.0,768.21,CLOSED,2026-08-11T00:00:00+05:30,4865.33,-768.21,-1.0,stop,core,63.9
DIXON_20260731_122234,2026-07-31T12:22:34.002319+05:30,DIXON,LONG,14528.0,13801.6,15835.52,17070.4,1.0,726.4,CLOSED,2026-08-03T00:00:00+05:30,13801.6,-726.4,-1.0,stop,core,62.0
BAJAJ-AUTO_20260803_130901,2026-08-03T13:09:01.965969+05:30,BAJAJ-AUTO,LONG,11500.0,11037.92,12331.75,13117.28,2.0,924.16,CLOSED,2026-08-24T00:00:00+05:30,11818.0,636.0,0.69,timeout,core,79.2
SONACOMS_20260803_130901,2026-08-03T13:09:01.965969+05:30,SONACOMS,LONG,781.3,742.23,851.62,918.03,25.0,976.62,CLOSED,2026-08-24T00:00:00+05:30,818.4,927.5,0.95,timeout,core,75.4
PAYTM_20260803_130901,2026-08-03T13:09:01.965969+05:30,PAYTM,LONG,1418.5,1347.58,1546.16,1666.74,14.0,992.95,CLOSED,2026-08-24T00:00:00+05:30,1581.13,2276.82,2.29,target,core,73.2
DIVISLAB_20260803_130901,2026-08-03T13:09:01.965969+05:30,DIVISLAB,LONG,8464.0,8080.28,9154.7,9807.03,2.0,767.45,CLOSED,2026-08-24T00:00:00+05:30,8484.5,41.0,0.05,timeout,core,71.7
TVSMOTOR_20260803_130901,2026-08-03T13:09:01.965969+05:30,TVSMOTOR,LONG,4321.3,4106.65,4707.67,5072.58,4.0,858.6,CLOSED,2026-08-24T00:00:00+05:30,4373.9,210.4,0.25,timeout,core,66.6
TITAN_20260803_130901,2026-08-03T13:09:01.965969+05:30,TITAN,LONG,4897.3,4749.82,5162.77,5413.49,6.0,884.89,CLOSED,2026-08-24T00:00:00+05:30,5114.08,1300.71,1.47,target,core,65.3
BAJFINANCE_20260803_130901,2026-08-03T13:09:01.965969+05:30,BAJFINANCE,LONG,1158.3,1100.39,1262.55,1361.0,17.0,984.56,CLOSED,2026-08-07T00:00:00+05:30,1100.39,-984.47,-1.0,stop,core,63.8
IIFL_20260803_130901,2026-08-03T13:09:01.965969+05:30,IIFL,LONG,611.65,581.07,666.7,718.69,32.0,978.64,CLOSED,2026-08-24T00:00:00+05:30,681.3,2228.8,2.28,target,core,62.9
LAURUSLABS_20260804_120729,2026-08-04T12:07:29.831124+05:30,LAURUSLABS,LONG,1828.7,1741.52,1985.62,2133.83,11.0,958.98,OPEN,,,,,,core,77.2
SONACOMS_20260804_120729,2026-08-04T12:07:29.831124+05:30,SONACOMS,LONG,783.9,744.71,854.45,921.08,25.0,979.88,OPEN,,,,,,core,69.1
TVSMOTOR_20260804_120729,2026-08-04T12:07:29.831124+05:30,TVSMOTOR,LONG,4361.2,4155.71,4731.08,5080.42,4.0,821.96,OPEN,,,,,,core,67.4
SIEMENS_20260804_120729,2026-08-04T12:07:29.831124+05:30,SIEMENS,LONG,4023.8,3822.61,4385.94,4727.97,4.0,804.76,CLOSED,2026-08-25T00:00:00+05:30,4068.2,177.6,0.22,timeout,core,66.2
PIDILITIND_20260804_120729,2026-08-04T12:07:29.831124+05:30,PIDILITIND,LONG,1642.2,1574.94,1763.28,1877.62,14.0,941.7,CLOSED,2026-08-25T00:00:00+05:30,1652.5,144.2,0.15,timeout,core,62.5
IIFL_20260804_120729,2026-08-04T12:07:29.831124+05:30,IIFL,LONG,611.0,580.45,665.99,717.92,32.0,977.6,CLOSED,2026-08-25T00:00:00+05:30,668.5,1839.84,1.88,target,core,62.2
CAMS_20260804_120729,2026-08-04T12:07:29.831124+05:30,CAMS,LONG,818.5,777.58,892.16,961.74,24.0,982.2,CLOSED,2026-08-12T00:00:00+05:30,777.58,-982.08,-1.0,stop,core,62.1
BAJAJ-AUTO_20260804_120729,2026-08-04T12:07:29.831124+05:30,BAJAJ-AUTO,LONG,11578.0,11100.41,12437.66,13249.57,2.0,955.18,CLOSED,2026-08-25T00:00:00+05:30,11771.0,386.0,0.4,timeout,core,61.6
COFORGE_20260805_120813,2026-08-05T12:08:13.142442+05:30,COFORGE,LONG,1784.1,1694.89,1944.67,2096.32,11.0,981.25,OPEN,,,,,,core,75.3
EXIDEIND_20260805_120813,2026-08-05T12:08:13.142442+05:30,EXIDEIND,LONG,471.0,447.45,513.39,553.42,42.0,989.1,OPEN,,,,,,core,72.9
TVSMOTOR_20260805_120813,2026-08-05T12:08:13.142442+05:30,TVSMOTOR,LONG,4428.1,4222.01,4799.06,5149.42,4.0,824.36,OPEN,,,,,,core,68.2
SONACOMS_20260805_120813,2026-08-05T12:08:13.142442+05:30,SONACOMS,LONG,811.25,770.69,884.26,953.22,24.0,973.5,OPEN,,,,,,core,68.0
BAJAJ-AUTO_20260805_120813,2026-08-05T12:08:13.142442+05:30,BAJAJ-AUTO,LONG,11713.0,11207.61,12622.7,13481.87,1.0,505.39,OPEN,,,,,,core,65.6
SIEMENS_20260805_120813,2026-08-05T12:08:13.142442+05:30,SIEMENS,LONG,3979.0,3780.05,4337.11,4675.32,5.0,994.75,OPEN,,,,,,core,63.8
DIVISLAB_20260805_120813,2026-08-05T12:08:13.142442+05:30,DIVISLAB,LONG,8391.0,7987.41,9117.46,9803.56,2.0,807.18,OPEN,,,,,,core,63.5
BAJFINANCE_20260805_120813,2026-08-05T12:08:13.142442+05:30,BAJFINANCE,LONG,1156.3,1098.73,1259.93,1357.81,17.0,978.77,CLOSED,2026-08-07T00:00:00+05:30,1098.73,-978.69,-1.0,stop,core,61.9
SHRIRAMFIN_20260806_121121,2026-08-06T12:11:21.089549+05:30,SHRIRAMFIN,LONG,1144.6,1087.37,1247.61,1344.9,17.0,972.91,OPEN,,,,,,core,80.6
LAURUSLABS_20260806_121121,2026-08-06T12:11:21.089549+05:30,LAURUSLABS,LONG,1836.4,1752.81,1986.86,2128.97,11.0,919.5,OPEN,,,,,,core,68.0
TECHM_20260806_121121,2026-08-06T12:11:21.089549+05:30,TECHM,LONG,1653.9,1572.41,1800.59,1939.12,12.0,977.9,CLOSED,2026-08-25T00:00:00+05:30,1572.41,-977.88,-1.0,stop,core,66.8
HAL_20260806_121121,2026-08-06T12:11:21.089549+05:30,HAL,LONG,4893.8,4698.7,5244.98,5576.65,5.0,975.5,OPEN,,,,,,core,64.9
BAJAJ-AUTO_20260806_121121,2026-08-06T12:11:21.089549+05:30,BAJAJ-AUTO,LONG,11640.0,11139.75,12540.46,13390.89,1.0,500.25,OPEN,,,,,,core,64.6
SIEMENS_20260806_121121,2026-08-06T12:11:21.089549+05:30,SIEMENS,LONG,3981.4,3782.33,4339.73,4678.14,5.0,995.35,OPEN,,,,,,core,64.5
DIVISLAB_20260806_121121,2026-08-06T12:11:21.089549+05:30,DIVISLAB,LONG,8393.5,7996.8,9107.56,9781.95,2.0,793.4,OPEN,,,,,,core,64.5
SONACOMS_20260806_121121,2026-08-06T12:11:21.089549+05:30,SONACOMS,LONG,798.6,758.67,870.47,938.35,25.0,998.25,OPEN,,,,,,core,63.8
DIVISLAB_20260807_111821,2026-08-07T11:18:21.853225+05:30,DIVISLAB,LONG,8272.5,7887.81,8964.94,9618.91,2.0,769.38,OPEN,,,,,,core,74.6
SONACOMS_20260807_111821,2026-08-07T11:18:21.853225+05:30,SONACOMS,LONG,792.2,752.59,863.5,930.84,25.0,990.25,OPEN,,,,,,core,68.2
TVSMOTOR_20260807_111821,2026-08-07T11:18:21.853225+05:30,TVSMOTOR,LONG,4426.0,4228.98,4780.63,5115.55,5.0,985.08,OPEN,,,,,,core,67.8
LAURUSLABS_20260807_111821,2026-08-07T11:18:21.853225+05:30,LAURUSLABS,LONG,1841.3,1758.15,1990.97,2132.32,12.0,997.78,OPEN,,,,,,core,67.0
BAJAJ-AUTO_20260807_111821,2026-08-07T11:18:21.853225+05:30,BAJAJ-AUTO,LONG,11694.0,11202.21,12579.21,13415.25,2.0,983.57,OPEN,,,,,,core,64.6
SIEMENS_20260807_111821,2026-08-07T11:18:21.853225+05:30,SIEMENS,LONG,3955.1,3757.35,4311.06,4647.24,5.0,988.78,OPEN,,,,,,core,61.8
BHARATFORG_20260807_111821,2026-08-07T11:18:21.853225+05:30,BHARATFORG,LONG,2240.0,2141.28,2417.7,2585.52,10.0,987.21,CLOSED,2026-08-10T00:00:00+05:30,2141.28,-987.2,-1.0,stop,core,61.1
ABB_20260807_111821,2026-08-07T11:18:21.853225+05:30,ABB,LONG,7645.5,7263.23,8333.59,8983.46,2.0,764.55,OPEN,,,,,,core,60.3
TITAN_20260810_111057,2026-08-10T11:10:57.163953+05:30,TITAN,LONG,5095.5,4900.08,5447.25,5779.46,5.0,977.09,OPEN,,,,,,core,93.1
DIVISLAB_20260810_111057,2026-08-10T11:10:57.163953+05:30,DIVISLAB,LONG,8290.0,7918.46,8958.77,9590.4,2.0,743.08,OPEN,,,,,,core,80.0
TVSMOTOR_20260810_111057,2026-08-10T11:10:57.163953+05:30,TVSMOTOR,LONG,4443.4,4251.34,4789.1,5115.6,5.0,960.28,OPEN,,,,,,core,74.5
M&M_20260810_111057,2026-08-10T11:10:57.163953+05:30,M&M,LONG,3515.6,3358.1,3799.09,4066.84,6.0,944.98,OPEN,,,,,,core,73.0
LAURUSLABS_20260810_111057,2026-08-10T11:10:57.163953+05:30,LAURUSLABS,LONG,1862.1,1782.17,2005.97,2141.84,12.0,959.12,CLOSED,2026-08-14T00:00:00+05:30,1782.17,-959.16,-1.0,stop,core,72.2
SIEMENS_20260810_111057,2026-08-10T11:10:57.163953+05:30,SIEMENS,LONG,3977.2,3778.34,4335.15,4673.21,5.0,994.3,OPEN,,,,,,core,69.2
BAJAJ-AUTO_20260810_111057,2026-08-10T11:10:57.163953+05:30,BAJAJ-AUTO,LONG,11770.0,11288.91,12635.96,13453.8,2.0,962.17,OPEN,,,,,,core,68.9
SONACOMS_20260810_111057,2026-08-10T11:10:57.163953+05:30,SONACOMS,LONG,823.05,781.9,897.12,967.08,24.0,987.66,OPEN,,,,,,core,67.1
IIFL_20260811_104744,2026-08-11T10:47:44.414233+05:30,IIFL,LONG,628.2,596.79,684.74,738.14,31.0,973.71,OPEN,,,,,,core,74.7
TVSMOTOR_20260811_104744,2026-08-11T10:47:44.414233+05:30,TVSMOTOR,LONG,4429.8,4243.56,4765.03,5081.63,5.0,931.19,OPEN,,,,,,core,73.7
EICHERMOT_20260811_104744,2026-08-11T10:47:44.414233+05:30,EICHERMOT,LONG,8068.5,7750.74,8640.47,9180.66,3.0,953.28,OPEN,,,,,,core,72.4
TITAN_20260811_104744,2026-08-11T10:47:44.414233+05:30,TITAN,LONG,5138.9,4946.3,5485.58,5813.01,5.0,963.01,OPEN,,,,,,core,72.4
SONACOMS_20260811_104744,2026-08-11T10:47:44.414233+05:30,SONACOMS,LONG,808.15,767.74,880.88,949.58,24.0,969.78,OPEN,,,,,,core,69.7
BAJAJ-AUTO_20260811_104744,2026-08-11T10:47:44.414233+05:30,BAJAJ-AUTO,LONG,11769.0,11295.71,12620.93,13425.53,2.0,946.59,OPEN,,,,,,core,65.8
COFORGE_20260811_104744,2026-08-11T10:47:44.414233+05:30,COFORGE,LONG,1819.7,1728.71,1983.47,2138.15,10.0,909.85,OPEN,,,,,,core,65.2
DIVISLAB_20260811_104744,2026-08-11T10:47:44.414233+05:30,DIVISLAB,LONG,8440.0,8071.35,9103.57,9730.28,2.0,737.3,OPEN,,,,,,core,65.1
TVSMOTOR_20260812_111349,2026-08-12T11:13:49.677219+05:30,TVSMOTOR,LONG,4400.0,4208.49,4744.72,5070.29,5.0,957.56,OPEN,,,,,,core,76.5
HINDALCO_20260812_111349,2026-08-12T11:13:49.677219+05:30,HINDALCO,LONG,1072.7,1024.6,1159.28,1241.06,20.0,962.06,CLOSED,2026-08-14T00:00:00+05:30,1024.6,-962.0,-1.0,stop,core,75.4
SONACOMS_20260812_111349,2026-08-12T11:13:49.677219+05:30,SONACOMS,LONG,803.2,763.04,875.49,943.76,24.0,963.84,OPEN,,,,,,core,69.9
PIDILITIND_20260812_111349,2026-08-12T11:13:49.677219+05:30,PIDILITIND,LONG,1689.2,1625.2,1804.41,1913.21,15.0,960.06,OPEN,,,,,,core,69.4
NATIONALUM_20260812_111349,2026-08-12T11:13:49.677219+05:30,NATIONALUM,LONG,417.9,397.0,455.51,491.03,47.0,982.06,CLOSED,2026-08-14T00:00:00+05:30,397.0,-982.3,-1.0,stop,core,67.9
BAJAJ-AUTO_20260812_111349,2026-08-12T11:13:49.677219+05:30,BAJAJ-AUTO,LONG,11742.0,11274.99,12582.62,13376.53,2.0,934.02,OPEN,,,,,,core,66.7
FINCABLES_20260812_111349,2026-08-12T11:13:49.677219+05:30,FINCABLES,LONG,1305.15,1239.89,1422.61,1533.55,15.0,978.86,CLOSED,2026-08-14T00:00:00+05:30,1239.89,-978.9,-1.0,stop,core,66.3
PNB_20260812_111349,2026-08-12T11:13:49.677219+05:30,PNB,LONG,118.24,113.74,126.33,133.97,222.0,998.04,OPEN,,,,,,core,64.4
IIFL_20260813_111558,2026-08-13T11:15:58.783172+05:30,IIFL,LONG,632.15,600.54,689.04,742.78,31.0,979.83,OPEN,,,,,,core,78.7
HEROMOTOCO_20260813_111558,2026-08-13T11:15:58.783172+05:30,HEROMOTOCO,LONG,5868.0,5606.82,6338.12,6782.13,3.0,783.54,CLOSED,2026-08-25T00:00:00+05:30,5606.82,-783.54,-1.0,stop,core,72.9
LAURUSLABS_20260813_111558,2026-08-13T11:15:58.783172+05:30,LAURUSLABS,LONG,1832.4,1753.29,1974.8,2109.29,12.0,949.34,OPEN,,,,,,core,71.6
EXIDEIND_20260813_111558,2026-08-13T11:15:58.783172+05:30,EXIDEIND,LONG,487.45,463.08,531.32,572.75,41.0,999.27,CLOSED,2026-08-19T00:00:00+05:30,463.08,-999.17,-1.0,stop,core,70.5
ASHOKLEY_20260813_111558,2026-08-13T11:15:58.783172+05:30,ASHOKLEY,LONG,180.73,171.8,196.8,211.97,112.0,999.69,CLOSED,2026-08-14T00:00:00+05:30,171.8,-1000.16,-1.0,stop,core,66.3
DIVISLAB_20260813_111558,2026-08-13T11:15:58.783172+05:30,DIVISLAB,LONG,8431.5,8043.75,9129.44,9788.61,2.0,775.49,OPEN,,,,,,core,63.9
TVSMOTOR_20260813_111558,2026-08-13T11:15:58.783172+05:30,TVSMOTOR,LONG,4318.4,4128.22,4660.73,4984.04,5.0,950.91,OPEN,,,,,,core,63.1
AUROPHARMA_20260813_111558,2026-08-13T11:15:58.783172+05:30,AUROPHARMA,LONG,1675.7,1598.38,1814.88,1946.32,12.0,927.84,OPEN,,,,,,core,59.7
DIVISLAB_20260814_111333,2026-08-14T11:13:33.647847+05:30,DIVISLAB,LONG,8515.0,8134.61,9199.7,9846.36,2.0,760.78,OPEN,,,,,,core,71.1
TVSMOTOR_20260814_111333,2026-08-14T11:13:33.647847+05:30,TVSMOTOR,LONG,4327.9,4147.91,4651.88,4957.86,5.0,899.95,OPEN,,,,,,core,69.5
COFORGE_20260814_111333,2026-08-14T11:13:33.647847+05:30,COFORGE,LONG,1814.8,1724.06,1978.13,2132.39,11.0,998.14,OPEN,,,,,,core,67.3
LAURUSLABS_20260814_111333,2026-08-14T11:13:33.647847+05:30,LAURUSLABS,LONG,1826.1,1749.39,1964.17,2094.57,13.0,997.18,OPEN,,,,,,core,64.9
HEROMOTOCO_20260814_111333,2026-08-14T11:13:33.647847+05:30,HEROMOTOCO,LONG,5777.0,5517.6,6243.91,6684.88,3.0,778.19,OPEN,,,,,,core,64.8
PAYTM_20260814_111333,2026-08-14T11:13:33.647847+05:30,PAYTM,LONG,1626.0,1544.7,1772.34,1910.55,12.0,975.6,OPEN,,,,,,core,63.0
BAJAJ-AUTO_20260814_111333,2026-08-14T11:13:33.647847+05:30,BAJAJ-AUTO,LONG,11720.0,11282.34,12507.79,13251.81,2.0,875.32,OPEN,,,,,,core,56.8
HAL_20260814_111333,2026-08-14T11:13:33.647847+05:30,HAL,LONG,4959.0,4746.85,5340.88,5701.54,4.0,848.62,OPEN,,,,,,core,56.3
DIVISLAB_20260817_102350,2026-08-17T10:23:50.034789+05:30,DIVISLAB,LONG,8492.0,8132.78,9138.59,9749.27,2.0,718.44,OPEN,,,,,,core,76.4
PAYTM_20260817_102350,2026-08-17T10:23:50.034789+05:30,PAYTM,LONG,1604.9,1524.66,1749.34,1885.76,12.0,962.94,OPEN,,,,,,core,75.8
TVSMOTOR_20260817_102350,2026-08-17T10:23:50.034789+05:30,TVSMOTOR,LONG,4376.4,4192.38,4707.64,5020.48,5.0,920.11,OPEN,,,,,,core,75.1
POLICYBZR_20260817_102350,2026-08-17T10:23:50.034789+05:30,POLICYBZR,LONG,1759.1,1671.14,1917.42,2066.94,11.0,967.5,OPEN,,,,,,core,72.9
HAL_20260817_102350,2026-08-17T10:23:50.034789+05:30,HAL,LONG,5082.1,4855.95,5489.16,5873.61,4.0,904.58,CLOSED,2026-08-25T00:00:00+05:30,4855.95,-904.6,-1.0,stop,core,71.2
HEROMOTOCO_20260817_102350,2026-08-17T10:23:50.034789+05:30,HEROMOTOCO,LONG,5754.0,5491.39,6226.7,6673.13,3.0,787.83,OPEN,,,,,,core,70.3
COFORGE_20260817_102350,2026-08-17T10:23:50.034789+05:30,COFORGE,LONG,1807.0,1716.65,1969.63,2123.22,11.0,993.85,OPEN,,,,,,core,63.8
LAURUSLABS_20260817_102350,2026-08-17T10:23:50.034789+05:30,LAURUSLABS,LONG,1800.2,1716.37,1951.1,2093.61,11.0,922.15,OPEN,,,,,,core,62.9
GNFC_20260818_101657,2026-08-18T10:16:57.970059+05:30,GNFC,LONG,613.15,582.49,668.33,720.45,32.0,981.04,CLOSED,2026-08-21T00:00:00+05:30,582.49,-981.12,-1.0,stop,core,83.0
DIVISLAB_20260818_101657,2026-08-18T10:16:57.970059+05:30,DIVISLAB,LONG,8611.0,8240.35,9278.17,9908.27,2.0,741.3,OPEN,,,,,,core,72.0
FINCABLES_20260818_101657,2026-08-18T10:16:57.970059+05:30,FINCABLES,LONG,1307.35,1241.98,1425.01,1536.14,15.0,980.51,OPEN,,,,,,core,68.6
TVSMOTOR_20260818_101657,2026-08-18T10:16:57.970059+05:30,TVSMOTOR,LONG,4383.9,4207.49,4701.44,5001.35,5.0,882.07,OPEN,,,,,,core,63.3
BAJAJ-AUTO_20260818_101657,2026-08-18T10:16:57.970059+05:30,BAJAJ-AUTO,LONG,11713.0,11294.29,12466.68,13178.49,2.0,837.42,OPEN,,,,,,core,63.0
HEROMOTOCO_20260818_101657,2026-08-18T10:16:57.970059+05:30,HEROMOTOCO,LONG,5718.0,5462.76,6177.44,6611.35,3.0,765.73,OPEN,,,,,,core,61.8
BALKRISIND_20260818_101657,2026-08-18T10:16:57.970059+05:30,BALKRISIND,LONG,2409.8,2289.31,2626.68,2831.52,8.0,963.92,OPEN,,,,,,core,61.3
IIFL_20260818_101657,2026-08-18T10:16:57.970059+05:30,IIFL,LONG,632.6,600.97,689.53,743.3,31.0,980.53,OPEN,,,,,,core,59.9
HDFCBANK_20260819_101731,2026-08-19T10:17:31.388744+05:30,HDFCBANK,SHORT,718.7,738.94,682.27,647.87,49.0,991.67,OPEN,,,,,,core,68.3
DABUR_20260819_101731,2026-08-19T10:17:31.388744+05:30,DABUR,SHORT,401.95,416.03,376.6,352.66,71.0,999.91,OPEN,,,,,,core,67.7
IRFC_20260819_101731,2026-08-19T10:17:31.388744+05:30,IRFC,SHORT,85.71,88.45,80.78,76.12,365.0,999.72,OPEN,,,,,,core,61.1
SBILIFE_20260819_101731,2026-08-19T10:17:31.388744+05:30,SBILIFE,SHORT,1757.2,1825.07,1635.04,1519.67,14.0,950.12,OPEN,,,,,,core,58.8
GODREJCP_20260819_101731,2026-08-19T10:17:31.388744+05:30,GODREJCP,SHORT,939.0,985.95,854.49,774.67,21.0,985.95,OPEN,,,,,,core,56.0
COFORGE_20260820_101816,2026-08-20T10:18:16.398551+05:30,COFORGE,LONG,1871.6,1778.02,2040.04,2199.13,10.0,935.8,OPEN,,,,,,core,90.2
PAYTM_20260820_101816,2026-08-20T10:18:16.398551+05:30,PAYTM,LONG,1613.1,1532.44,1758.28,1895.39,12.0,967.86,OPEN,,,,,,core,81.4
LAURUSLABS_20260820_101816,2026-08-20T10:18:16.398551+05:30,LAURUSLABS,LONG,1816.2,1738.27,1956.48,2088.97,12.0,935.21,OPEN,,,,,,core,76.8
GNFC_20260820_101816,2026-08-20T10:18:16.398551+05:30,GNFC,LONG,599.05,569.1,652.96,703.88,33.0,988.43,OPEN,,,,,,core,72.5
APLAPOLLO_20260820_101816,2026-08-20T10:18:16.398551+05:30,APLAPOLLO,LONG,2145.9,2052.82,2313.44,2471.67,10.0,930.76,OPEN,,,,,,core,70.2
ETERNAL_20260820_101816,2026-08-20T10:18:16.398551+05:30,ETERNAL,LONG,327.2,311.02,356.33,383.84,61.0,987.21,OPEN,,,,,,core,67.7
FINCABLES_20260820_101816,2026-08-20T10:18:16.398551+05:30,FINCABLES,LONG,1306.7,1241.36,1424.3,1535.37,15.0,980.02,OPEN,,,,,,core,66.0
SONACOMS_20260820_101816,2026-08-20T10:18:16.398551+05:30,SONACOMS,LONG,834.15,792.44,909.22,980.13,23.0,959.27,OPEN,,,,,,core,62.1
IIFL_20260821_102016,2026-08-21T10:20:16.047647+05:30,IIFL,LONG,680.0,646.0,741.2,799.0,29.0,986.0,CLOSED,2026-08-25T00:00:00+05:30,646.0,-986.0,-1.0,stop,core,94.3
PAYTM_20260821_102016,2026-08-21T10:20:16.047647+05:30,PAYTM,LONG,1620.5,1539.47,1766.35,1904.09,12.0,972.3,OPEN,,,,,,core,75.9
APLAPOLLO_20260821_102016,2026-08-21T10:20:16.047647+05:30,APLAPOLLO,LONG,2140.7,2048.78,2306.16,2462.42,10.0,919.21,OPEN,,,,,,core,64.0
DIVISLAB_20260821_102016,2026-08-21T10:20:16.047647+05:30,DIVISLAB,LONG,8538.0,8205.85,9135.87,9700.53,3.0,996.45,OPEN,,,,,,core,62.9
NATIONALUM_20260821_102016,2026-08-21T10:20:16.047647+05:30,NATIONALUM,LONG,392.5,372.88,427.82,461.19,50.0,981.25,OPEN,,,,,,core,60.0
FINCABLES_20260821_102016,2026-08-21T10:20:16.047647+05:30,FINCABLES,LONG,1289.5,1225.03,1405.56,1515.16,15.0,967.12,OPEN,,,,,,core,58.6
HAL_20260821_102016,2026-08-21T10:20:16.047647+05:30,HAL,LONG,5073.4,4859.11,5459.13,5823.42,4.0,857.17,CLOSED,2026-08-24T00:00:00+05:30,4859.11,-857.16,-1.0,stop,core,57.7
OFSS_20260821_102016,2026-08-21T10:20:16.047647+05:30,OFSS,LONG,11772.0,11183.4,12831.48,13832.1,1.0,588.6,OPEN,,,,,,core,57.5
IIFL_20260824_102648,2026-08-24T10:26:48.128154+05:30,IIFL,LONG,695.85,661.06,758.48,817.62,28.0,974.19,CLOSED,2026-08-25T00:00:00+05:30,661.06,-974.12,-1.0,stop,core,74.4
NATIONALUM_20260824_102648,2026-08-24T10:26:48.128154+05:30,NATIONALUM,LONG,400.95,380.9,437.04,471.12,49.0,982.33,OPEN,,,,,,core,71.9
DIVISLAB_20260824_102648,2026-08-24T10:26:48.128154+05:30,DIVISLAB,LONG,8486.0,8168.52,9057.46,9597.17,3.0,952.43,OPEN,,,,,,core,68.2
POLICYBZR_20260824_102648,2026-08-24T10:26:48.128154+05:30,POLICYBZR,LONG,1796.5,1706.67,1958.18,2110.89,11.0,988.08,OPEN,,,,,,core,67.5
COFORGE_20260824_102648,2026-08-24T10:26:48.128154+05:30,COFORGE,LONG,1886.7,1793.39,2054.67,2213.3,10.0,933.14,OPEN,,,,,,core,67.3
SIEMENS_20260824_102648,2026-08-24T10:26:48.128154+05:30,SIEMENS,LONG,4100.0,3895.0,4469.0,4817.5,4.0,820.0,OPEN,,,,,,core,66.4
FINCABLES_20260824_102648,2026-08-24T10:26:48.128154+05:30,FINCABLES,LONG,1282.75,1218.61,1398.2,1507.23,15.0,962.06,OPEN,,,,,,core,64.6
APLAPOLLO_20260824_102648,2026-08-24T10:26:48.128154+05:30,APLAPOLLO,LONG,2154.0,2064.65,2314.84,2466.74,11.0,982.9,OPEN,,,,,,core,56.5
DABUR_20260825_101921,2026-08-25T10:19:21.031417+05:30,DABUR,SHORT,394.75,407.51,371.79,350.1,78.0,995.01,OPEN,,,,,,core,66.9
GODREJCP_20260825_101921,2026-08-25T10:19:21.031417+05:30,GODREJCP,SHORT,923.8,969.99,840.66,762.13,21.0,969.99,OPEN,,,,,,core,65.7
SUNTV_20260825_101921,2026-08-25T10:19:21.031417+05:30,SUNTV,SHORT,466.25,487.67,427.69,391.27,46.0,985.39,OPEN,,,,,,core,59.2
PAYTM_20260825_101921,2026-08-25T10:19:21.031417+05:30,PAYTM,LONG,1636.9,1555.06,1784.22,1923.36,12.0,982.14,OPEN,,,,,,core,56.7
IIFL_20260825_101921,2026-08-25T10:19:21.031417+05:30,IIFL,LONG,670.85,637.31,731.23,788.25,29.0,972.73,OPEN,,,,,,core,54.5
